{"features": ["aqi_lag_1h", "aqi_roll_mean_24h", "aqi_roll_mean_168h", "aqi_lag_24h", "humidity", "wind_speed"], "r2": 0.9173453592446822, "mae": 25.310467419734888}